Developer,Commits
sairion,5
hejld,5
matthewjohnston4,5
jbonta,5
drd,5
julen,5
dalinaum,5
jeyraof,5
ClimbsRocks,5
pedronauck,5
joshma,5
jordwalke,5
jbaiter,5
keito,5
clayallsopp,5
brigand,6
aaronabramov,6
jontewks,6
mxstbr,6
ianobermiller,6
bspaulding,6
steveluscher,6
lyip1992,6
makky3939,6
Pouja,6
awwright,6
mzabriskie,6
piranha,6
matthewwithanm,6
lrowe,6
bripkens,6
RaitoBezarius,7
andrewdavey,7
wincent,8
dittos,8
zertosh,8
dotu,8
graue,8
hzoo,8
bhamodi,8
camsong,8
kassens,8
jgebhardt,8
SanderSpies,8
joecritch,9
rickbeerendonk,9
yiminghe,9
andreypopp,9
AnSavvides,9
jaredly,9
RReverser,9
rayqian,9
yangshun,10
DarkScorpion,10
fisherwebdev,10
kmeht,10
clemmy,11
edvinerikson,11
ivanzotov,11
jquense,12
Simek,12
mroch,12
tomocchino,13
iamchenxin,13
raphamorim,14
cody,14
arkist,14
bgw,14
fabiomcosta,15
iamdustan,16
Daniel15,16
hellendag,17
aickin,18
joshduck,21
mcsheffrey,21
chicoxyzzy,29
keyanzhang,30
kohei-takata,39
flarnie,43
marocchino,45
trueadm,50
koba04,51
cpojer,51
aweary,56
syranide,69
yungsters,74
nhunzaker,77
benjamn,89
subtleGradient,110
jeffmo,111
jimfb,116
vjeux,140
bvaughn,149
chenglou,152
petehunt,205
acdlite,320
sebmarkbage,476
gaearon,699
zpao,820
sophiebits,828
